,precision,recall,f1-score,support
Hypopnea,0.23529411764705882,0.14814814814814814,0.18181818181818182,27.0
MixedApnea,0.0,0.0,0.0,7.0
Normal,0.5454545454545454,0.2727272727272727,0.36363636363636365,88.0
ObstructiveApnea,0.33884297520661155,0.6833333333333333,0.4530386740331492,60.0
accuracy,0.3791208791208791,0.3791208791208791,0.3791208791208791,0.3791208791208791
macro avg,0.27989790957705396,0.27605218855218855,0.24962330487192363,182.0
weighted avg,0.41034900927949053,0.3791208791208791,0.3521506118191201,182.0
