,precision,recall,f1-score,support
CentralApnea,0.0,0.0,0.0,2.0
Hypopnea,0.4,0.2,0.26666666666666666,30.0
MixedApnea,0.0,0.0,0.0,7.0
Normal,0.5238095238095238,0.35106382978723405,0.42038216560509556,94.0
ObstructiveApnea,0.21904761904761905,0.46,0.2967741935483871,50.0
accuracy,0.33879781420765026,0.33879781420765026,0.33879781420765026,0.33879781420765026
macro avg,0.22857142857142856,0.2022127659574468,0.19676460516402988,183.0
weighted avg,0.39448347645068954,0.33879781420765026,0.3407357007885155,183.0
