,precision,recall,f1-score,support
Hypopnea,0.0,0.0,0.0,27.0
MixedApnea,0.0,0.0,0.0,7.0
Normal,0.4835164835164835,1.0,0.6518518518518519,88.0
ObstructiveApnea,0.0,0.0,0.0,60.0
accuracy,0.4835164835164835,0.4835164835164835,0.4835164835164835,0.4835164835164835
macro avg,0.12087912087912088,0.25,0.16296296296296298,182.0
weighted avg,0.23378818983214586,0.4835164835164835,0.3151811151811152,182.0
