,precision,recall,f1-score,support
CentralApnea,0.0,0.0,0.0,2.0
Hypopnea,0.0,0.0,0.0,30.0
MixedApnea,0.0,0.0,0.0,7.0
Normal,0.5136612021857924,1.0,0.6787003610108303,94.0
ObstructiveApnea,0.0,0.0,0.0,50.0
accuracy,0.5136612021857924,0.5136612021857924,0.5136612021857924,0.5136612021857924
macro avg,0.10273224043715848,0.2,0.13574007220216605,183.0
weighted avg,0.26384783063095346,0.5136612021857924,0.34862204336075436,183.0
